{"version":2,"languages":{"bun":{"specfileHash":"32991b75897b14c8d4497db3c914be2b","lockfileHash":"932c1296cce123aa682ae00c18ba1262","guessedImports":["@replit/vite-plugin-shadcn-theme-json","tailwindcss","@tailwindcss/typography","vite","@vitejs/plugin-react","@replit/vite-plugin-runtime-error-modal","drizzle-kit","tailwindcss-animate"],"guessedImportsHash":"36ddde7162d77428665ff0a9fbe22ced"},"nodejs-npm":{"specfileHash":"41276832c29e94c0f38e3d13f64f60e5","lockfileHash":"e020fe91deaa0f5a82594aeca06c454e"}}}
